n,active_players,processing_game,processing_game_sd,processing_game_per_player,processing_game_per_player_sd,processing_turn,processing_turn_sd,memory_player,memory_player_sd,moves,moves_sd
4,4,200.62784672,21.06054924,50.15696168,5.26513731,2.38804373,0.09819475,28.95002216,2.50504799,84.25000000,10.31055285
6,6,289.98519314,25.20639265,48.33086552,4.20106544,2.28284202,0.12030188,54.50415921,4.68321518,127.75000000,16.03831350
8,8,338.88958233,26.99517143,42.36119779,3.37439643,2.09714963,0.18085695,72.01435715,5.01714532,163.17000000,21.12441952
10,10,353.88323874,37.27914669,35.38832387,3.72791467,2.01974954,0.22351225,88.34692586,7.18589111,178.46000000,32.28975689
12,12,379.65035058,38.66148217,31.63752922,3.22179018,1.84148504,0.21010978,99.53162939,8.19133963,210.13000000,38.04251700
14,14,391.10563773,41.19666759,27.93611698,2.94261911,1.78660090,0.27369696,108.40069662,9.44838370,224.45000000,42.20553874
16,16,397.40113994,45.72471579,24.83757125,2.85779474,1.69324222,0.32100094,121.19563640,10.12975211,243.65000000,52.80026042
18,18,416.46575492,42.19657998,23.13698638,2.34425444,1.60426927,0.21725835,124.54192852,9.16189267,266.49000000,54.53430022
20,20,424.10813516,42.85712307,21.20540676,2.14285615,1.54523436,0.23153301,132.09810448,10.08281017,282.85000000,59.98922820
22,22,433.35165157,39.12210417,19.69780234,1.77827746,1.44925060,0.18289221,139.75500068,10.93042054,305.71000000,57.17242255
24,24,432.78312354,46.39247823,18.03263015,1.93301993,1.40003683,0.28624881,150.68762204,11.97992820,322.26000000,73.87795612
26,26,448.41831806,56.81365927,17.24685839,2.18514074,1.39764877,0.46621170,152.09043127,12.25713410,347.64000000,92.44593231
28,28,459.63870337,51.10470936,16.41566798,1.82516819,1.28844473,0.23114821,156.37454317,11.81147260,370.77000000,84.81448638
30,30,461.57789792,45.86208105,15.38592993,1.52873603,1.28673130,0.21911521,159.50355403,11.41556495,372.25000000,84.05514559
32,32,467.67040912,47.74527794,14.61470029,1.49203994,1.25441880,0.26688333,163.38916727,11.71008858,390.76000000,91.05120757
34,34,461.48400328,54.30341778,13.57305892,1.59715935,1.31025092,0.38207139,169.32799932,13.49310546,378.32000000,100.12940427
36,36,475.25557028,54.49289121,13.20154362,1.51369142,1.21674387,0.24099127,170.90258401,13.74208329,409.83000000,103.48043825
38,38,470.57800626,55.72693906,12.38363174,1.46649840,1.21655924,0.24465848,176.45182814,15.02930824,408.42000000,113.87503502
40,40,488.63341216,51.68274574,12.21583530,1.29206864,1.13754576,0.29530950,177.95037404,13.34472991,453.58000000,110.46240809
42,42,488.93571371,58.90945164,11.64132652,1.40260599,1.13921117,0.35035936,182.10443006,15.29889790,461.50000000,122.57964758
44,44,507.14421140,54.77513354,11.52600480,1.24488940,1.03612206,0.21266941,184.56949767,13.28409370,514.45000000,129.50917921
46,46,511.86760229,53.34735319,11.12755657,1.15972507,0.99348294,0.17039255,188.79704986,14.25015426,536.24000000,127.91021226
48,48,520.47818376,54.14888225,10.84329549,1.12810171,0.98045434,0.46550554,193.89310613,13.97511810,569.27000000,123.84376084
50,48,519.39847016,53.55392782,10.82080146,1.11570683,0.95450244,0.17728804,192.85335085,13.30404937,566.01000000,127.80825443
52,48,525.18387550,50.32635084,10.94133074,1.04846564,0.91792421,0.10844090,192.38634699,13.38332309,584.13000000,109.02684578
54,48,520.68343501,60.35341414,10.84757156,1.25736279,0.95890381,0.21494618,192.55376678,15.38525380,570.22000000,138.03532736
56,48,516.72605794,55.65133768,10.76512621,1.15940287,0.97313225,0.22242505,194.17333265,12.77857376,557.23000000,128.65876224
58,48,510.58236464,53.01333345,10.63713260,1.10444445,0.95552247,0.16146797,197.33747898,13.40533178,553.73000000,123.49954291
60,48,519.58793820,51.49536451,10.82474871,1.07282009,0.95573663,0.20986488,192.97255342,13.08631093,566.38000000,121.55852747
